None,NEWPLAN,RCL,,https://github.com/NEWPLAN/RCL.git,03/19/21 04:43 PM,0,0,0,41,0,5916,3055,0,9318
None,Nelson-numerical-software,nelson,,https://github.com/Nelson-numerical-software/nelson.git,03/19/21 04:43 PM,0,0,0,379,59645,219390,125497,145,629211
None,jwise77,enzo-dev-cosmotest,,https://github.com/jwise77/enzo-dev-cosmotest.git,03/19/21 04:43 PM,0,0,63,30,12932,144117,9214,37856,256817
None,jkaszpurenko,xgboost_compiled,,https://github.com/jkaszpurenko/xgboost_compiled.git,03/19/21 04:43 PM,0,0,1301,104,85,13788,10516,1528,92134
None,Colaplusice,parallel_compute,,https://github.com/Colaplusice/parallel_compute.git,03/19/21 04:43 PM,0,0,0,0,4586,5292,20,0,11104
None,frobnitzem,linalg,,https://github.com/frobnitzem/linalg.git,03/19/21 04:43 PM,0,0,12,6,0,1135,440,0,2029
None,LLNL,mgmol,,https://github.com/LLNL/mgmol.git,03/19/21 04:43 PM,0,0,0,30,0,66766,30257,0,107202
None,menglong21,slurm-18.08.0-annotation,,https://github.com/menglong21/slurm-18.08.0-annotation.git,03/19/21 04:43 PM,0,0,0,0,416083,0,29282,0,507439
None,RyzeVia,ppoft,,https://github.com/RyzeVia/ppoft.git,03/19/21 04:43 PM,0,0,0,0,3962,0,1290,37,13421
None,netx-repo,training-bottleneck,,https://github.com/netx-repo/training-bottleneck.git,03/19/21 04:43 PM,0,0,0,0,0,7338,3063,0,25675
None,nikkkkhil,Distributed-DL-training,,https://github.com/nikkkkhil/Distributed-DL-training.git,03/19/21 04:43 PM,0,0,0,0,0,8077,3700,0,24582
None,nuanio,xgboost-node,,https://github.com/nuanio/xgboost-node.git,03/19/21 04:43 PM,0,0,1305,92,82,17100,16429,1528,108025
None,byu-vv-lab,civl,,https://github.com/byu-vv-lab/civl.git,03/19/21 04:43 PM,48,0,8,311,115921,213,11150,93,242072
None,dsteinmo,SPINWAVE,,https://github.com/dsteinmo/SPINWAVE.git,03/19/21 04:43 PM,0,0,0,0,0,14920,1498,0,17255
None,bibrakc,hpx,,https://github.com/bibrakc/hpx.git,03/19/21 04:43 PM,3,0,2,0,261848,18965,83637,0,667088
None,asrivast28,ramBLe,,https://github.com/asrivast28/ramBLe.git,03/19/21 04:43 PM,0,0,0,0,0,825,7581,0,9347
None,luiceur,nek5kHack,,https://github.com/luiceur/nek5kHack.git,03/19/21 04:43 PM,0,870,0,0,9908,0,3364,82407,534712
None,ssutinglai,Specfem2D,,https://github.com/ssutinglai/Specfem2D.git,03/19/21 04:43 PM,0,0,67,2,79140,0,7131,49889,166167
None,evotools,hapbinX,,https://github.com/evotools/hapbinX.git,03/19/21 04:43 PM,0,0,0,13,0,2675,3542,0,7262
None,kyper999,caffe2-2,,https://github.com/kyper999/caffe2-2.git,03/19/21 04:43 PM,0,0,214,0,0,37396,28308,0,132900
None,lzjqsdd,DB-Sim,,https://github.com/lzjqsdd/DB-Sim.git,03/19/21 04:43 PM,0,0,1,0,0,9231,8674,0,27161
None,cran,pbdMPI,,https://github.com/cran/pbdMPI.git,03/19/21 04:43 PM,0,0,0,0,3273,0,300,0,19986
None,callowkid,li-pytorch,,https://github.com/callowkid/li-pytorch.git,03/19/21 04:43 PM,2,0,1664,243,19380,223972,142969,0,667408
None,stefanseefeld,openvsip,,https://github.com/stefanseefeld/openvsip.git,03/19/21 04:43 PM,3,0,0,3,2641,54408,49590,0,115589
None,raghavnauhria,whatmt,,https://github.com/raghavnauhria/whatmt.git,03/19/21 04:43 PM,2,0,1801,102,13526,254053,155337,0,737603
None,zhenxingsh,pytorch_source_code,,https://github.com/zhenxingsh/pytorch_source_code.git,03/19/21 04:43 PM,2,0,1793,244,14413,211786,140716,0,670273
None,zhangshiyun,LAMMPS_STABLE,,https://github.com/zhangshiyun/LAMMPS_STABLE.git,03/19/21 04:43 PM,0,0,0,1,0,153338,16929,0,172017
None,kempj,IFOS,,https://github.com/kempj/IFOS.git,03/19/21 04:43 PM,0,0,0,0,21998,2760,4077,0,41010
None,lengender,xgboost_model,,https://github.com/lengender/xgboost_model.git,03/19/21 04:43 PM,0,0,1,0,0,31,3191,0,3239
None,cxrasdfg,mshadow_cygwin_make_template,,https://github.com/cxrasdfg/mshadow_cygwin_make_template.git,03/19/21 04:43 PM,0,0,24,20,0,308,10096,0,14367
None,SuryaGrandhi,Doc_Test,,https://github.com/SuryaGrandhi/Doc_Test.git,03/19/21 04:43 PM,41,0,548,179,0,51265,21559,0,656332
None,SuryaGrandhi,doc_july_9,,https://github.com/SuryaGrandhi/doc_july_9.git,03/19/21 04:43 PM,40,0,545,179,0,51265,13229,0,647835
None,ddeepwel,SPINS_dev,,https://github.com/ddeepwel/SPINS_dev.git,03/19/21 04:43 PM,0,0,0,0,15,18890,1632,0,21534
None,Nek5000,gslib,,https://github.com/Nek5000/gslib.git,03/19/21 04:43 PM,0,0,0,0,7741,0,5019,45,12987
None,pytorch,xla,,https://github.com/pytorch/xla.git,03/19/21 04:43 PM,0,0,0,0,0,37357,7616,0,64278
None,Paul-St-Young,rev6296,,https://github.com/Paul-St-Young/rev6296.git,03/19/21 04:43 PM,0,0,210,175,14575,125704,164997,6378,338191
None,spraetor,amdis2,,https://github.com/spraetor/amdis2.git,03/19/21 04:43 PM,0,0,0,10,0,60893,81677,0,145242
None,weiwanling,HPC,,https://github.com/weiwanling/HPC.git,03/19/21 04:43 PM,0,0,0,2,16439,0,121,0,16646
None,coderzbx,seg-mxnet,,https://github.com/coderzbx/seg-mxnet.git,03/19/21 04:43 PM,1,0,1388,2473,16043,227904,168780,4593,738628
None,KEK-Co,Parallel_programming_2020_CI,,https://github.com/KEK-Co/Parallel_programming_2020_CI.git,03/19/21 04:43 PM,0,0,0,3,0,46292,2895,0,54870
None,rhkdqo93,LP,,https://github.com/rhkdqo93/LP.git,03/19/21 04:43 PM,1,0,14,2,457,95336,42620,0,290585
None,marufdsi,Partitioning_Tools,,https://github.com/marufdsi/Partitioning_Tools.git,03/19/21 04:43 PM,0,0,0,153,67079,2245,16482,0,86932
None,nalzok,xgboost-R,,https://github.com/nalzok/xgboost-R.git,03/19/21 04:43 PM,0,0,38,102,85,15140,19621,0,48836
None,mkurnosov,mpiperf,,https://github.com/mkurnosov/mpiperf.git,03/19/21 04:43 PM,0,0,0,0,6271,30,1136,0,7772
None,nchong,icliggghts,,https://github.com/nchong/icliggghts.git,03/19/21 04:43 PM,0,0,59,4,8010,147107,28502,10654,380498
None,Nek5000,nekBench,,https://github.com/Nek5000/nekBench.git,03/19/21 04:43 PM,10,0,6,7,10520,53659,23273,19526,111352
None,grw300,DataMining,,https://github.com/grw300/DataMining.git,03/19/21 04:43 PM,0,0,0,87,23,13469,9716,0,43064
None,kaigeyazhu,CAFFE2,,https://github.com/kaigeyazhu/CAFFE2.git,03/19/21 04:43 PM,1,0,627,0,2753,83310,66679,0,282839
None,xpo454,Caffe2,,https://github.com/xpo454/Caffe2.git,03/19/21 04:43 PM,0,0,279,0,0,38997,29490,0,141670
None,joshua4289,scipion_1_2_headless,,https://github.com/joshua4289/scipion_1_2_headless.git,03/19/21 04:43 PM,0,0,0,0,1299,384109,59792,0,700434
None,chaos,slurm,,https://github.com/chaos/slurm.git,03/19/21 04:43 PM,0,0,0,0,296737,1614,21207,0,378485
None,westondhill,bc_mr_gpu,,https://github.com/westondhill/bc_mr_gpu.git,03/19/21 04:43 PM,226,0,1187,59,3129,181558,131104,3,385273
None,intel,llvm,,https://github.com/intel/llvm.git,03/19/21 04:43 PM,755,0,4409,3882,11397459,13710367,18738837,1406871,76077044
None,pykao,pytorch-v0.4.0,,https://github.com/pykao/pytorch-v0.4.0.git,03/19/21 04:43 PM,1,0,1754,183,31355,134936,100273,1528,514184
None,lanl,lampi,,https://github.com/lanl/lampi.git,03/19/21 04:43 PM,0,0,0,0,52806,45692,21062,4,144051
None,starimpact,mxnet_v1.0.0,,https://github.com/starimpact/mxnet_v1.0.0.git,03/19/21 04:43 PM,1,0,1380,76,205,82063,92772,0,428280
None,guanjen375,tvm,,https://github.com/guanjen375/tvm.git,03/19/21 04:43 PM,2,0,14,2,240,97566,44153,0,297685
None,cardwing,Codes-for-IntRA-KD,,https://github.com/cardwing/Codes-for-IntRA-KD.git,03/19/21 04:43 PM,0,0,5,0,90,0,36,0,3035
None,RWTH-OS,MP-MPICH,,https://github.com/RWTH-OS/MP-MPICH.git,03/19/21 04:43 PM,0,0,0,0,280146,39180,39825,8704,706383
None,mzl13,Lithium,,https://github.com/mzl13/Lithium.git,03/19/21 04:43 PM,0,0,29,597,6996,105674,69603,55791,250021
None,aosm,openmpi,,https://github.com/aosm/openmpi.git,03/19/21 04:43 PM,0,0,0,0,194630,2036,39451,96,565828
None,VBaricHB,DEM,,https://github.com/VBaricHB/DEM.git,03/19/21 04:43 PM,927,0,534,1,495,164896,67653,13221,351192
None,miguelbermudez,mb-janus,,https://github.com/miguelbermudez/mb-janus.git,03/19/21 04:43 PM,3,0,1,0,0,50107,388294,0,472041
None,nishanthkumar23,caffe,,https://github.com/nishanthkumar23/caffe.git,03/19/21 04:43 PM,0,0,181,0,0,33410,26377,0,117772
None,tfwu,FaceDetection-ConvNet-3D,,https://github.com/tfwu/FaceDetection-ConvNet-3D.git,03/19/21 04:43 PM,0,0,23,14,0,15440,30850,0,99716
None,cc-hpc-itwm,tarantella,,https://github.com/cc-hpc-itwm/tarantella.git,03/19/21 04:43 PM,0,0,0,0,0,3876,1484,0,9657
None,hunsa,reprompi,,https://github.com/hunsa/reprompi.git,03/19/21 04:43 PM,0,0,0,0,7456,0,704,0,9256
None,jaschil2,QMCDB-Josh,,https://github.com/jaschil2/QMCDB-Josh.git,03/19/21 04:43 PM,0,0,0,0,0,61566,13794,132,99320
None,xcgoner,ps-mxnet-new,,https://github.com/xcgoner/ps-mxnet-new.git,03/19/21 04:43 PM,0,0,35,15,0,19088,42479,0,147162
None,SuryaGrandhi,doc_aug21,,https://github.com/SuryaGrandhi/doc_aug21.git,03/19/21 04:43 PM,40,0,545,179,0,69026,23596,0,677147
None,jeffhammond,a1,,https://github.com/jeffhammond/a1.git,03/19/21 04:43 PM,0,0,0,0,67350,127,27608,847471,944635
None,koibiki,Launcher3-7.0,,https://github.com/koibiki/Launcher3-7.0.git,03/19/21 04:43 PM,59,0,0,193,0,9950,9921,0,73096
None,dkogler,hpx5-measurement-tests,,https://github.com/dkogler/hpx5-measurement-tests.git,03/19/21 04:43 PM,3,0,0,0,86825,1517,39757,0,267237
None,dmlc,rabit,,https://github.com/dmlc/rabit.git,03/19/21 04:43 PM,0,0,0,0,0,3505,2217,0,7304
None,steverogers-shang,MPI_KMC,,https://github.com/steverogers-shang/MPI_KMC.git,03/19/21 04:43 PM,0,0,0,0,0,12217,2358,0,16795
None,hcyang99,horovod,,https://github.com/hcyang99/horovod.git,03/19/21 04:43 PM,3,0,67,4,4177,147270,328328,24137,727375
None,henricasanova,simgrid_data_redundancy,,https://github.com/henricasanova/simgrid_data_redundancy.git,03/19/21 04:43 PM,0,0,0,0,99114,54290,19586,11224,206320
None,sst-elements,zodiac,,https://github.com/sst-elements/zodiac.git,03/19/21 04:43 PM,0,0,0,0,154,1198,804,0,6954
None,Improbus,CPEG614,,https://github.com/Improbus/CPEG614.git,03/19/21 04:43 PM,0,0,1,63,219823,100278,84989,0,757481
None,hppritcha,ompi_async_sandbox,,https://github.com/hppritcha/ompi_async_sandbox.git,03/19/21 04:43 PM,0,0,0,140,570248,34621,105150,18215,860087
None,cukol,slurm_simulator,,https://github.com/cukol/slurm_simulator.git,03/19/21 04:43 PM,0,0,0,0,381947,3258,25306,0,476478
None,js-fan,mxnet,,https://github.com/js-fan/mxnet.git,03/19/21 04:43 PM,1,0,1412,2571,15786,242465,176336,4593,775372
None,neoncrash,ESNek5000,,https://github.com/neoncrash/ESNek5000.git,03/19/21 04:43 PM,0,0,0,0,13875,0,554,175657,195870
None,grondo,mvapich-cce,,https://github.com/grondo/mvapich-cce.git,03/19/21 04:43 PM,0,0,0,0,247690,81846,42243,8122,637478
None,ebi184,caffee2,,https://github.com/ebi184/caffee2.git,03/19/21 04:43 PM,2,0,1941,189,17382,193986,127626,1528,637262
None,CNevd,FM_DMLC,,https://github.com/CNevd/FM_DMLC.git,03/19/21 04:43 PM,0,0,0,10,0,6047,7486,0,19338
None,hajimefu,mpich-mirror,,https://github.com/hajimefu/mpich-mirror.git,03/19/21 04:43 PM,0,0,0,0,317375,8423,151639,39416,581718
None,gonzalorodrigo,ScSFSimulator,,https://github.com/gonzalorodrigo/ScSFSimulator.git,03/19/21 04:43 PM,0,0,0,0,350353,3220,24283,0,443323
None,LLNL,MPI-Stages,,https://github.com/LLNL/MPI-Stages.git,03/19/21 04:43 PM,0,0,0,0,0,3232,12916,0,16330
None,blackjack2016,pytroch,,https://github.com/blackjack2016/pytroch.git,03/19/21 04:43 PM,2,0,1692,107,33057,362333,192006,0,980496
None,garethcmurphy,pluto_backup,,https://github.com/garethcmurphy/pluto_backup.git,03/19/21 04:43 PM,0,0,0,0,43258,4030,10751,0,181569
None,petrex,rocm_caffe2,,https://github.com/petrex/rocm_caffe2.git,03/19/21 04:43 PM,1,0,595,0,2646,78723,59633,0,242247
None,uswick,presta_HMPI,,https://github.com/uswick/presta_HMPI.git,03/19/21 04:43 PM,0,0,0,37,5732,0,82,0,8931
None,churli,parallel-programming-assignments,,https://github.com/churli/parallel-programming-assignments.git,03/19/21 04:43 PM,0,0,0,13,5064,177,1082,0,6845
None,ElmerCSC,Zoltan,,https://github.com/ElmerCSC/Zoltan.git,03/19/21 04:43 PM,0,0,0,0,70130,4372,6879,6633,132047
None,wvannoordt,HyWall,,https://github.com/wvannoordt/HyWall.git,03/19/21 04:43 PM,0,0,5,0,0,4622,1754,266,7671
None,sstsimulator,sst-gpl-skeletons,,https://github.com/sstsimulator/sst-gpl-skeletons.git,03/19/21 04:43 PM,0,0,6,26,7979,4674,10253,0,23499
None,NLAFET,preAlps,,https://github.com/NLAFET/preAlps.git,03/19/21 04:43 PM,0,0,0,0,14972,0,1318,0,17361
None,andrewwdye,gloo,,https://github.com/andrewwdye/gloo.git,03/19/21 04:43 PM,0,0,7,0,0,5672,4132,0,11640
None,Nek5000,Nek5000,,https://github.com/Nek5000/Nek5000.git,03/19/21 04:43 PM,0,0,0,8,15487,0,720,183390,204232
None,JulianDomingo,EE360P,,https://github.com/JulianDomingo/EE360P.git,03/19/21 04:43 PM,0,0,0,0,314042,8362,42285,39106,470062
None,spsweeney,Work-open-mpi,,https://github.com/spsweeney/Work-open-mpi.git,03/19/21 04:43 PM,0,0,0,0,572644,779,103668,18494,773749
None,NanoComp,mpb,,https://github.com/NanoComp/mpb.git,03/19/21 04:43 PM,0,0,0,0,12269,0,993,0,22143
None,yfguo,mpich-migrate-test,,https://github.com/yfguo/mpich-migrate-test.git,03/19/21 04:43 PM,0,0,0,0,315608,8423,117563,39416,545135
None,artpol84,ompi-timings,,https://github.com/artpol84/ompi-timings.git,03/19/21 04:43 PM,0,0,0,140,565406,34621,101895,18138,860131
None,hpc,cce-mpi-openmpi-1.6.4,,https://github.com/hpc/cce-mpi-openmpi-1.6.4.git,03/19/21 04:43 PM,0,0,0,140,356040,34583,69168,358,772538
None,humairakamal,fgmpi,,https://github.com/humairakamal/fgmpi.git,03/19/21 04:43 PM,0,0,0,0,329518,8417,43820,39399,493855
None,hrishikeshmalkar,sales_forecasting_web_app,,https://github.com/hrishikeshmalkar/sales_forecasting_web_app.git,03/19/21 04:43 PM,0,0,1309,82,215,31794,28432,0,162069
None,zhonghual1206,horvodval,,https://github.com/zhonghual1206/horvodval.git,03/19/21 04:43 PM,3,0,67,4,4177,144796,326515,24137,713188
None,Bob-Ding-cn,baidu-allreduce,,https://github.com/Bob-Ding-cn/baidu-allreduce.git,03/19/21 04:43 PM,0,0,1,0,0,213,40,0,520
None,rolfverberg,Programs,,https://github.com/rolfverberg/Programs.git,03/19/21 04:43 PM,0,0,0,0,0,7025,6888,0,13989
None,arcadeon707,pytorch,,https://github.com/arcadeon707/pytorch.git,03/19/21 04:43 PM,2,0,1651,244,19380,226474,144149,0,674635
None,ramyasree9,Parallel-programming,,https://github.com/ramyasree9/Parallel-programming.git,03/19/21 04:43 PM,0,0,0,13,3949,659,5,0,5857
None,SCIInstitute,muView,,https://github.com/SCIInstitute/muView.git,03/19/21 04:43 PM,0,0,17,37,33899,122491,60961,0,315414
None,cot,eztrace-test,,https://github.com/cot/eztrace-test.git,03/19/21 04:43 PM,0,0,0,1002,52900,16889,14781,1777,342764
None,netbench,GPCNET,,https://github.com/netbench/GPCNET.git,03/19/21 04:43 PM,0,0,0,0,2172,0,141,0,2410
None,seokinhong,sst-elements,,https://github.com/seokinhong/sst-elements.git,03/19/21 04:43 PM,0,0,0,3,822,58747,27981,0,124745
None,OpenFOAM,ThirdParty-7,,https://github.com/OpenFOAM/ThirdParty-7.git,03/19/21 04:43 PM,0,0,0,0,73436,0,6923,90,100849
None,geodynamics,pylith,,https://github.com/geodynamics/pylith.git,03/19/21 04:43 PM,0,0,0,0,0,99591,23326,0,191518
None,ARM-software,HPCG_for_Arm,,https://github.com/ARM-software/HPCG_for_Arm.git,03/19/21 04:43 PM,0,0,0,67,0,4569,680,0,7017
None,SuryaGrandhi,oct9,,https://github.com/SuryaGrandhi/oct9.git,03/19/21 04:43 PM,40,0,629,179,0,69026,27009,0,682168
None,Shigangli,eager-SGD,,https://github.com/Shigangli/eager-SGD.git,03/19/21 04:43 PM,0,0,0,1,4294,2740,1597,0,48256
None,ppanchap13,portals4,,https://github.com/ppanchap13/portals4.git,03/19/21 04:43 PM,0,0,0,0,42723,0,6717,0,89895
None,hummingtree,cps-public,,https://github.com/hummingtree/cps-public.git,03/19/21 04:43 PM,0,0,0,269,23266,145077,35698,0,330593
None,jyamu,qmc,,https://github.com/jyamu/qmc.git,03/19/21 04:43 PM,0,0,210,170,14950,122640,162285,6378,467127
None,lavenderca,scipion-docker,,https://github.com/lavenderca/scipion-docker.git,03/19/21 04:43 PM,0,0,0,0,1299,384022,59451,0,689304
None,katbird830,BirdCMDA3634,,https://github.com/katbird830/BirdCMDA3634.git,03/19/21 04:43 PM,0,0,12,25,37213,0,3152,398,220100
None,wavefunction91,GauXC,,https://github.com/wavefunction91/GauXC.git,03/19/21 04:43 PM,0,0,62,6,0,4991,4041,0,11519
None,Rudedaisy,simgrid-v3.25,,https://github.com/Rudedaisy/simgrid-v3.25.git,03/19/21 04:43 PM,0,0,0,0,89282,72999,33314,11184,246769
None,seokinhong,attache_cache,,https://github.com/seokinhong/attache_cache.git,03/19/21 04:43 PM,0,0,0,4,840,74428,35492,0,151841
None,jgphpc,jub1,,https://github.com/jgphpc/jub1.git,03/19/21 04:43 PM,0,0,0,0,0,3024,717,0,3818
None,Remixman,Open_MPI_SDN,,https://github.com/Remixman/Open_MPI_SDN.git,03/19/21 04:43 PM,0,0,0,140,510619,34622,95536,18346,1054567
None,OPM,IFEM,,https://github.com/OPM/IFEM.git,03/19/21 04:43 PM,0,0,0,77,0,92081,34145,769,149060
None,CamCairns,atm_dycores_stirred,,https://github.com/CamCairns/atm_dycores_stirred.git,03/19/21 04:43 PM,0,0,0,140,840,0,5948,76587,127885
None,dmlc,mshadow,,https://github.com/dmlc/mshadow.git,03/19/21 04:43 PM,0,0,24,20,0,335,10161,0,14354
None,RadeonOpenCompute,ROCm_Documentation,,https://github.com/RadeonOpenCompute/ROCm_Documentation.git,03/19/21 04:43 PM,40,0,713,179,0,70849,30732,0,731114
None,wangdongxia,ALADMM,,https://github.com/wangdongxia/ALADMM.git,03/19/21 04:43 PM,0,0,0,0,0,1296,2835,0,4269
None,rabauke,mpl,,https://github.com/rabauke/mpl.git,03/19/21 04:43 PM,0,0,0,0,194,3739,5363,0,128317
None,quolc,VMDLeap,,https://github.com/quolc/VMDLeap.git,03/19/21 04:43 PM,30,0,50,0,6643,93872,15756,0,124105
None,Mantevo,miniMD,,https://github.com/Mantevo/miniMD.git,03/19/21 04:43 PM,0,0,0,216,371,14468,2657,0,18526
None,bvanessen,lbann_distconv,,https://github.com/bvanessen/lbann_distconv.git,03/19/21 04:43 PM,0,0,259,19,0,38917,24280,0,92175
None,anandhis,rml-ofi,,https://github.com/anandhis/rml-ofi.git,03/19/21 04:43 PM,0,0,0,0,569828,779,101366,18556,768514
None,Rednickle,redttorch,,https://github.com/Rednickle/redttorch.git,03/19/21 04:43 PM,2,0,1693,107,33467,361844,191676,0,977105
None,wdlctc,horovod_SYS,,https://github.com/wdlctc/horovod_SYS.git,03/19/21 04:43 PM,0,0,0,0,0,7625,3162,0,22876
None,MichaelAHood,pk-mxnet,,https://github.com/MichaelAHood/pk-mxnet.git,03/19/21 04:43 PM,0,0,1263,38,181,29402,56566,0,259144
None,monil01,mapmc,,https://github.com/monil01/mapmc.git,03/19/21 04:43 PM,10,1986,140,887,110156,29905,14735,0,384372
None,LLNL,RAJAProxies,,https://github.com/LLNL/RAJAProxies.git,03/19/21 04:43 PM,0,0,5,91,0,15902,3438,0,21425
None,NervanaSystems,ngraph,,https://github.com/NervanaSystems/ngraph.git,03/19/21 04:43 PM,0,0,47,3,0,204041,46707,0,572014
None,kwangiit,SLURMPP_V2,,https://github.com/kwangiit/SLURMPP_V2.git,03/19/21 04:43 PM,0,0,0,0,350202,9779,29261,0,592500
None,GPrathap,FastICA_in_Cplusplus,,https://github.com/GPrathap/FastICA_in_Cplusplus.git,03/19/21 04:43 PM,0,0,0,2,45,31038,73694,26495,138051
None,open-mpi,mpi-test-suite,,https://github.com/open-mpi/mpi-test-suite.git,03/19/21 04:43 PM,0,0,0,0,13829,0,874,0,15297
None,northgaard,LBM-TopOpt,,https://github.com/northgaard/LBM-TopOpt.git,03/19/21 04:43 PM,0,0,0,0,1157,35320,11627,0,48387
None,pmontman,customxgboost,,https://github.com/pmontman/customxgboost.git,03/19/21 04:43 PM,0,0,1,77,83,11807,11665,0,29807
None,MultiTrickFox,Pytorch-0.4-_custom,,https://github.com/MultiTrickFox/Pytorch-0.4-_custom.git,03/19/21 04:43 PM,30,0,1748,191,54250,285611,377952,1528,1056895
None,kwangiit,SLURMPP,,https://github.com/kwangiit/SLURMPP.git,03/19/21 04:43 PM,0,0,0,0,344615,3216,24351,0,435785
None,tianzhi0549,pytorch_tf_upsampling,,https://github.com/tianzhi0549/pytorch_tf_upsampling.git,03/19/21 04:43 PM,1,0,1739,183,31355,130552,98669,1528,503339
None,CynthiaProtector,SketchDLC,,https://github.com/CynthiaProtector/SketchDLC.git,03/19/21 04:43 PM,2,0,1378,2294,14819,137725,125597,4593,538795
None,sunshineInmoon,Mxnet-windows,,https://github.com/sunshineInmoon/Mxnet-windows.git,03/19/21 04:43 PM,0,0,4542,12,0,15266,93900,0,181607
None,Collegeville,HPCG-ZFP,,https://github.com/Collegeville/HPCG-ZFP.git,03/19/21 04:43 PM,0,0,0,22,0,2349,552,0,4554
None,STEllAR-GROUP,hpx_historic,,https://github.com/STEllAR-GROUP/hpx_historic.git,03/19/21 04:43 PM,1,0,0,32,6874,58558,44416,34691,149649
None,jedbrown,pami,,https://github.com/jedbrown/pami.git,03/19/21 04:43 PM,4,0,0,0,42437,24138,142282,0,215815
None,SuryaGrandhi,neww,,https://github.com/SuryaGrandhi/neww.git,03/19/21 04:43 PM,40,0,545,179,0,51265,13229,0,647392
None,gfranxman,xgboost_080_amzn1,,https://github.com/gfranxman/xgboost_080_amzn1.git,03/19/21 04:43 PM,0,0,42,104,0,18505,19313,0,52785
None,davidov541,MiniC,,https://github.com/davidov541/MiniC.git,03/19/21 04:43 PM,3,0,1,0,330,13741,845757,0,865867
None,leeping,gmx-qchem,,https://github.com/leeping/gmx-qchem.git,03/19/21 04:43 PM,3,0,76,108,1129993,43478,76539,1467,1299906
None,laomao0,DVF_pytorch,,https://github.com/laomao0/DVF_pytorch.git,03/19/21 04:43 PM,0,0,10,0,89,0,36,0,2065
None,NikitaCartes,spbstu-2020,,https://github.com/NikitaCartes/spbstu-2020.git,03/19/21 04:43 PM,0,0,0,16,0,522,48,0,756
None,AMDComputeLibraries,ComputeApps,,https://github.com/AMDComputeLibraries/ComputeApps.git,03/19/21 04:43 PM,353,0,0,40,22431,10593,4168,0,45158
None,SuryaGrandhi,doc_july_24,,https://github.com/SuryaGrandhi/doc_july_24.git,03/19/21 04:43 PM,40,0,545,179,0,51265,13229,0,648139
None,AlumiK,libnkmpi,,https://github.com/AlumiK/libnkmpi.git,03/19/21 04:43 PM,0,0,0,0,0,211,44,0,451
None,ChingYaoTang,enzo-dev-DT,,https://github.com/ChingYaoTang/enzo-dev-DT.git,03/19/21 04:43 PM,0,0,102,30,8319,175941,12028,49429,274586
None,Vazzz007,invert-reflection_MPI,,https://github.com/Vazzz007/invert-reflection_MPI.git,03/19/21 04:43 PM,0,0,0,0,0,741,44,0,820
None,jinfagang,Shadowless,,https://github.com/jinfagang/Shadowless.git,03/19/21 04:43 PM,1,0,1374,65,205,79843,87515,0,426566
None,nalzok,xgboost-py,,https://github.com/nalzok/xgboost-py.git,03/19/21 04:43 PM,0,0,49,100,0,20155,19933,0,58570
None,Nigoding,tensor,,https://github.com/Nigoding/tensor.git,03/19/21 04:43 PM,2,0,1822,171,14591,199882,132248,0,638491
None,pzw520125,rdc,,https://github.com/pzw520125/rdc.git,03/19/21 04:43 PM,0,0,0,0,0,5933,5126,0,12577
None,chenlongzhen,xgboost-yarn,,https://github.com/chenlongzhen/xgboost-yarn.git,03/19/21 04:43 PM,0,0,1304,90,82,13061,9871,1528,92771
None,faasm,faasm,,https://github.com/faasm/faasm.git,03/19/21 04:43 PM,0,0,0,99,420,21379,2001,0,30245
None,jeffhammond,pami-examples,,https://github.com/jeffhammond/pami-examples.git,03/19/21 04:43 PM,0,0,0,0,2739,0,56,0,2877
None,easydush,parallel_computing,,https://github.com/easydush/parallel_computing.git,03/19/21 04:43 PM,0,0,0,31,0,1941,0,0,1952
None,duffell,Disco,,https://github.com/duffell/Disco.git,03/19/21 04:43 PM,0,0,0,0,8371,0,157,0,8658
None,laristra,flecsph,,https://github.com/laristra/flecsph.git,03/19/21 04:43 PM,0,0,0,6,0,4537,12208,0,21855
None,rashmi25-04,HPSC-MPI-Programming,,https://github.com/rashmi25-04/HPSC-MPI-Programming.git,03/19/21 04:43 PM,0,0,0,0,2994,0,47,0,3131
None,sebimag,algoRepartie,,https://github.com/sebimag/algoRepartie.git,03/19/21 04:43 PM,0,0,12,0,243,0,141287,0,156022
None,devyaniB,simgrid,,https://github.com/devyaniB/simgrid.git,03/19/21 04:43 PM,0,0,0,0,88309,75351,36098,11184,252958
None,hust-wuwechao,mxnetv2,,https://github.com/hust-wuwechao/mxnetv2.git,03/19/21 04:43 PM,1,0,216,107,205,100931,91801,0,436760
None,TorchCraft,TorchCraftAI,,https://github.com/TorchCraft/TorchCraftAI.git,03/19/21 04:43 PM,0,0,0,0,0,72163,35844,0,134729
None,deniskin82,chapel,,https://github.com/deniskin82/chapel.git,03/19/21 04:43 PM,0,0,19,63,243367,99484,90735,24,847272
None,jjdblast,pytorch-dockerfiles,,https://github.com/jjdblast/pytorch-dockerfiles.git,03/19/21 04:43 PM,2,0,1640,105,32108,327229,176771,0,885091
None,cwxcode,xgboost,,https://github.com/cwxcode/xgboost.git,03/19/21 04:43 PM,0,0,0,84,31,4426,11163,0,25830
None,GeekLiB,caffe2-master,,https://github.com/GeekLiB/caffe2-master.git,03/19/21 04:43 PM,0,0,181,0,0,33068,26014,0,117061
None,AMDComputeLibraries,OpenMPApps,,https://github.com/AMDComputeLibraries/OpenMPApps.git,03/19/21 04:43 PM,0,0,0,218,12169,7014,1644,0,24236
None,Nek5000,parRSB,,https://github.com/Nek5000/parRSB.git,03/19/21 04:43 PM,0,0,0,0,5089,0,646,0,5956
None,OpenCMISS-Dependencies,scalasca,,https://github.com/OpenCMISS-Dependencies/scalasca.git,03/19/21 04:43 PM,0,0,0,386,72256,58224,41782,0,318585
None,EricKinner,InterpScImgDB,,https://github.com/EricKinner/InterpScImgDB.git,03/19/21 04:43 PM,0,0,33,0,1091,1010,79,0,24542
None,cap-ntu,Ratatouille,,https://github.com/cap-ntu/Ratatouille.git,03/19/21 04:43 PM,0,0,1419,51,201,105742,104774,0,433533
None,LLNL,Tool-Gear,,https://github.com/LLNL/Tool-Gear.git,03/19/21 04:43 PM,0,0,0,0,15670,26943,100096,0,163804
None,tryalice,trypytorc,,https://github.com/tryalice/trypytorc.git,03/19/21 04:43 PM,2,0,1696,109,33599,377239,199857,0,1011870
None,CortexFoundation,tvm-cvm,,https://github.com/CortexFoundation/tvm-cvm.git,03/19/21 04:43 PM,1,0,27,0,0,81452,28238,0,238161
None,omn14,IFOS2D,,https://github.com/omn14/IFOS2D.git,03/19/21 04:43 PM,0,0,0,0,20627,2695,4081,0,34901
None,mindspore-ai,graphengine,,https://github.com/mindspore-ai/graphengine.git,03/19/21 04:43 PM,0,0,0,0,0,246504,35400,0,291731
None,oehmke,test_xgrid,,https://github.com/oehmke/test_xgrid.git,03/19/21 04:43 PM,0,0,0,144,4627,0,13364,73118,136964
None,drreynolds,enzo-dev_gfld_bugfixes,,https://github.com/drreynolds/enzo-dev_gfld_bugfixes.git,03/19/21 04:43 PM,0,0,63,30,12932,144117,9214,37856,256817
None,quinoacomputing,HYPRE,,https://github.com/quinoacomputing/HYPRE.git,03/19/21 04:43 PM,0,0,0,613,347743,60711,34968,12126,502205
None,DmitrySigaev,ompi-release,,https://github.com/DmitrySigaev/ompi-release.git,03/19/21 04:43 PM,0,0,0,140,390665,34625,72426,499,589225
None,shivnshu,CS698O-VR,,https://github.com/shivnshu/CS698O-VR.git,03/19/21 04:43 PM,0,0,963,148,30320,31901,20435,1528,179514
None,kohnakagawa,gromacs_localstress,,https://github.com/kohnakagawa/gromacs_localstress.git,03/19/21 04:43 PM,0,0,30,37,376255,1051,57456,94172,1374838
None,SunnyQ,cmu,,https://github.com/SunnyQ/cmu.git,03/19/21 04:43 PM,0,0,0,5,10308,211,1195,0,62348
None,renefritze,dune-common-old,,https://github.com/renefritze/dune-common-old.git,03/19/21 04:43 PM,0,0,0,0,0,6111,15427,0,32569
None,SuryaGrandhi,dec4,,https://github.com/SuryaGrandhi/dec4.git,03/19/21 04:43 PM,40,0,669,179,0,73642,32672,0,4476707
None,tudo-math-ls3,feat3,,https://github.com/tudo-math-ls3/feat3.git,03/19/21 04:43 PM,0,0,56,0,0,57968,116050,0,323554
None,dwehner,DENISE-COGI,,https://github.com/dwehner/DENISE-COGI.git,03/19/21 04:43 PM,0,0,0,0,18636,0,767,0,20117
None,IBM,HPCG,,https://github.com/IBM/HPCG.git,03/19/21 04:43 PM,0,0,0,46,0,3853,759,0,6448
None,intel,MLSL,,https://github.com/intel/MLSL.git,03/19/21 04:43 PM,0,0,0,0,9075,6120,13021,0,46473
None,kostrzewa,cvc,,https://github.com/kostrzewa/cvc.git,03/19/21 04:43 PM,0,0,34,140,94098,1375,82950,0,184005
None,hughperkins,pub-prototyping,,https://github.com/hughperkins/pub-prototyping.git,03/19/21 04:43 PM,15,0,30,5,6735,46462,17243,41,95873
None,ROCmSoftwarePlatform,rocALUTION,,https://github.com/ROCmSoftwarePlatform/rocALUTION.git,03/19/21 04:43 PM,0,0,71,193,0,51377,9658,0,63911
None,emfomy,mcnla,,https://github.com/emfomy/mcnla.git,03/19/21 04:43 PM,0,0,0,3,0,5094,20430,0,26700
None,matex-org,caffe-intel,,https://github.com/matex-org/caffe-intel.git,03/19/21 04:43 PM,0,0,112,68,0,75599,39514,0,160380
None,mailong25,wav2letter,,https://github.com/mailong25/wav2letter.git,03/19/21 04:43 PM,0,0,25,11,0,12856,4497,0,28013
None,david20025,Repo_for_Contrib,,https://github.com/david20025/Repo_for_Contrib.git,03/19/21 04:43 PM,0,0,15,0,936,37392,7976,0,284558
None,Knoxort,cmt_Nek_BE_Instrumentation,,https://github.com/Knoxort/cmt_Nek_BE_Instrumentation.git,03/19/21 04:43 PM,0,0,0,0,13875,0,554,194752,215609
None,XuanWang1982,gpfs-ompi-v19,,https://github.com/XuanWang1982/gpfs-ompi-v19.git,03/19/21 04:43 PM,0,0,0,140,562791,34621,101670,18138,855925
None,AravindR16,arav_does_datascience,,https://github.com/AravindR16/arav_does_datascience.git,03/19/21 04:43 PM,0,0,17,11,0,9688,3747,0,19728
None,idaholab,SPPARKS,,https://github.com/idaholab/SPPARKS.git,03/19/21 04:43 PM,0,0,0,0,0,24681,5250,0,39843
